{
  "!type": "Form",
  "HTML": null,
  "attributes": "",
  "background": "",
  "backgroundimage": "",
  "borderColor": "",
  "borderStyle": "",
  "borderWidth": "",
  "cached_js": null,
  "cached_js_script_hash": null,
  "children": [
    {
      "!type": "External",
      "file": [
        "forms",
        "ListView",
        "Elements",
        "imgblackBorder.json"
      ]
    },
    {
      "!type": "External",
      "file": [
        "forms",
        "ListView",
        "Elements",
        "imgWeather.json"
      ]
    },
    {
      "!type": "External",
      "file": [
        "forms",
        "ListView",
        "Elements",
        "imgMap.json"
      ]
    },
    {
      "!type": "External",
      "file": [
        "forms",
        "ListView",
        "Elements",
        "imgListView.json"
      ]
    },
    {
      "!type": "External",
      "file": [
        "forms",
        "ListView",
        "Elements",
        "lblSaved.json"
      ]
    },
    {
      "!type": "External",
      "file": [
        "forms",
        "ListView",
        "Elements",
        "imgSaved.json"
      ]
    },
    {
      "!type": "External",
      "file": [
        "forms",
        "ListView",
        "Elements",
        "lblListView.json"
      ]
    },
    {
      "!type": "External",
      "file": [
        "forms",
        "ListView",
        "Elements",
        "lblMapView.json"
      ]
    },
    {
      "!type": "External",
      "file": [
        "forms",
        "ListView",
        "Elements",
        "lblWeather.json"
      ]
    },
    {
      "!type": "External",
      "file": [
        "forms",
        "ListView",
        "Elements",
        "sldrInterest.json"
      ]
    },
    {
      "!type": "External",
      "file": [
        "forms",
        "ListView",
        "Elements",
        "sldrInterest1.json"
      ]
    },
    {
      "!type": "External",
      "file": [
        "forms",
        "ListView",
        "Elements",
        "sldrInterest2.json"
      ]
    },
    {
      "!type": "External",
      "file": [
        "forms",
        "ListView",
        "Elements",
        "imgResult.json"
      ]
    },
    {
      "!type": "External",
      "file": [
        "forms",
        "ListView",
        "Elements",
        "imgResult1.json"
      ]
    },
    {
      "!type": "External",
      "file": [
        "forms",
        "ListView",
        "Elements",
        "imgResult2.json"
      ]
    },
    {
      "!type": "External",
      "file": [
        "forms",
        "ListView",
        "Elements",
        "slctFilters.json"
      ]
    },
    {
      "!type": "External",
      "file": [
        "forms",
        "ListView",
        "Elements",
        "lblBusName.json"
      ]
    },
    {
      "!type": "External",
      "file": [
        "forms",
        "ListView",
        "Elements",
        "lblBusName1.json"
      ]
    },
    {
      "!type": "External",
      "file": [
        "forms",
        "ListView",
        "Elements",
        "lblBusName2.json"
      ]
    },
    {
      "!type": "External",
      "file": [
        "forms",
        "ListView",
        "Elements",
        "lblLocation1.json"
      ]
    },
    {
      "!type": "External",
      "file": [
        "forms",
        "ListView",
        "Elements",
        "lblLocation2.json"
      ]
    },
    {
      "!type": "External",
      "file": [
        "forms",
        "ListView",
        "Elements",
        "lblLocation3.json"
      ]
    },
    {
      "!type": "External",
      "file": [
        "forms",
        "ListView",
        "Elements",
        "lblHours.json"
      ]
    },
    {
      "!type": "External",
      "file": [
        "forms",
        "ListView",
        "Elements",
        "lblHours1.json"
      ]
    },
    {
      "!type": "External",
      "file": [
        "forms",
        "ListView",
        "Elements",
        "lblHours2.json"
      ]
    },
    {
      "!type": "External",
      "file": [
        "forms",
        "ListView",
        "Elements",
        "imgStar.json"
      ]
    },
    {
      "!type": "External",
      "file": [
        "forms",
        "ListView",
        "Elements",
        "imgStar1.json"
      ]
    },
    {
      "!type": "External",
      "file": [
        "forms",
        "ListView",
        "Elements",
        "imgStar2.json"
      ]
    },
    {
      "!type": "External",
      "file": [
        "forms",
        "ListView",
        "Elements",
        "lblRating.json"
      ]
    },
    {
      "!type": "External",
      "file": [
        "forms",
        "ListView",
        "Elements",
        "lblRating1.json"
      ]
    },
    {
      "!type": "External",
      "file": [
        "forms",
        "ListView",
        "Elements",
        "lblRating2.json"
      ]
    },
    {
      "!type": "External",
      "file": [
        "forms",
        "ListView",
        "Elements",
        "lblInterestLevel.json"
      ]
    },
    {
      "!type": "External",
      "file": [
        "forms",
        "ListView",
        "Elements",
        "lblInterestLevel1.json"
      ]
    },
    {
      "!type": "External",
      "file": [
        "forms",
        "ListView",
        "Elements",
        "lblInterestLevel2.json"
      ]
    }
  ],
  "class": "",
  "designHeight": 480,
  "designWidth": 320,
  "expanded_pmp": null,
  "fullScreen": "true",
  "height": 460,
  "id": "ListView",
  "language": "JavaScript",
  "left": "0",
  "locked": false,
  "modal": "false",
  "onhide": "",
  "onkeypress": "",
  "onresize": "",
  "onshow": "ListView.onshow()",
  "openMode": "none",
  "parentForm": "",
  "position": "absolute",
  "script": null,
  "setFocusID": "",
  "style": "",
  "theme": "",
  "top": "0",
  "width": 320
}