{
  "!type": "Slider_bs4",
  "backgroundColor": "",
  "borderColor": "",
  "borderStyle": "",
  "borderWidth": "",
  "bottom": "auto",
  "cached_js": "",
  "cached_js_script_hash": "d41d8cd98f00b204e9800998ecf8427e",
  "children": [],
  "class": "",
  "color": "",
  "colorOfHandle": "black",
  "colorOfSelection": "lightgray",
  "colorOfTrackHigh": "lightgray",
  "display": "",
  "expanded_pmp": null,
  "handle": "round",
  "height": 17,
  "hidden": "",
  "id": "sldrInterest3",
  "left": 118,
  "mAll": "",
  "mBottom": "",
  "mLeft": "",
  "mRight": "",
  "mTop": "",
  "max": 100,
  "min": 0,
  "onchange": "",
  "onclick": "",
  "onmousedown": "",
  "onmousemove": "",
  "onmouseout": "",
  "onmouseup": "",
  "onresize": "",
  "ontouchend": "",
  "ontouchmove": "",
  "ontouchstart": "",
  "orientation": "",
  "right": "auto",
  "script": "",
  "step": 1,
  "style": "",
  "top": 256,
  "value": "10",
  "width": 198
}