{
  "!type": "Form",
  "HTML": null,
  "attributes": "",
  "background": "",
  "backgroundimage": "",
  "borderColor": "",
  "borderStyle": "",
  "borderWidth": "",
  "cached_js": null,
  "cached_js_script_hash": null,
  "children": [
    {
      "!type": "External",
      "file": [
        "forms",
        "Weather",
        "Elements",
        "imgblackBorder1.json"
      ]
    },
    {
      "!type": "External",
      "file": [
        "forms",
        "Weather",
        "Elements",
        "imgWeather1.json"
      ]
    },
    {
      "!type": "External",
      "file": [
        "forms",
        "Weather",
        "Elements",
        "imgMap1.json"
      ]
    },
    {
      "!type": "External",
      "file": [
        "forms",
        "Weather",
        "Elements",
        "imgListView1.json"
      ]
    },
    {
      "!type": "External",
      "file": [
        "forms",
        "Weather",
        "Elements",
        "lblSaved1.json"
      ]
    },
    {
      "!type": "External",
      "file": [
        "forms",
        "Weather",
        "Elements",
        "imgSaved1.json"
      ]
    },
    {
      "!type": "External",
      "file": [
        "forms",
        "Weather",
        "Elements",
        "lblListView1.json"
      ]
    },
    {
      "!type": "External",
      "file": [
        "forms",
        "Weather",
        "Elements",
        "lblMapView1.json"
      ]
    },
    {
      "!type": "External",
      "file": [
        "forms",
        "Weather",
        "Elements",
        "lblWeather1.json"
      ]
    },
    {
      "!type": "External",
      "file": [
        "forms",
        "Weather",
        "Elements",
        "lblLocation.json"
      ]
    },
    {
      "!type": "External",
      "file": [
        "forms",
        "Weather",
        "Elements",
        "imgWeatherIcon.json"
      ]
    },
    {
      "!type": "External",
      "file": [
        "forms",
        "Weather",
        "Elements",
        "lblDate1.json"
      ]
    },
    {
      "!type": "External",
      "file": [
        "forms",
        "Weather",
        "Elements",
        "imgWeatherIcon1.json"
      ]
    },
    {
      "!type": "External",
      "file": [
        "forms",
        "Weather",
        "Elements",
        "imgWeatherIcon2.json"
      ]
    },
    {
      "!type": "External",
      "file": [
        "forms",
        "Weather",
        "Elements",
        "imgWeatherIcon3.json"
      ]
    },
    {
      "!type": "External",
      "file": [
        "forms",
        "Weather",
        "Elements",
        "imgWeatherIcon4.json"
      ]
    },
    {
      "!type": "External",
      "file": [
        "forms",
        "Weather",
        "Elements",
        "lblDate2.json"
      ]
    },
    {
      "!type": "External",
      "file": [
        "forms",
        "Weather",
        "Elements",
        "lblDate3.json"
      ]
    },
    {
      "!type": "External",
      "file": [
        "forms",
        "Weather",
        "Elements",
        "lblDate4.json"
      ]
    },
    {
      "!type": "External",
      "file": [
        "forms",
        "Weather",
        "Elements",
        "lblDate5.json"
      ]
    },
    {
      "!type": "External",
      "file": [
        "forms",
        "Weather",
        "Elements",
        "lblCondition.json"
      ]
    },
    {
      "!type": "External",
      "file": [
        "forms",
        "Weather",
        "Elements",
        "lblCondition1.json"
      ]
    },
    {
      "!type": "External",
      "file": [
        "forms",
        "Weather",
        "Elements",
        "lblCondition2.json"
      ]
    },
    {
      "!type": "External",
      "file": [
        "forms",
        "Weather",
        "Elements",
        "lblCondition3.json"
      ]
    },
    {
      "!type": "External",
      "file": [
        "forms",
        "Weather",
        "Elements",
        "lblCondition4.json"
      ]
    },
    {
      "!type": "External",
      "file": [
        "forms",
        "Weather",
        "Elements",
        "lblTemp.json"
      ]
    },
    {
      "!type": "External",
      "file": [
        "forms",
        "Weather",
        "Elements",
        "lblTemp1.json"
      ]
    },
    {
      "!type": "External",
      "file": [
        "forms",
        "Weather",
        "Elements",
        "lblTemp2.json"
      ]
    },
    {
      "!type": "External",
      "file": [
        "forms",
        "Weather",
        "Elements",
        "lblTemp3.json"
      ]
    },
    {
      "!type": "External",
      "file": [
        "forms",
        "Weather",
        "Elements",
        "lblTemp4.json"
      ]
    }
  ],
  "class": "",
  "designHeight": 0,
  "designWidth": 0,
  "expanded_pmp": null,
  "fullScreen": "true",
  "height": 460,
  "id": "Weather",
  "language": "JavaScript",
  "left": "0",
  "locked": false,
  "modal": "false",
  "onhide": "",
  "onkeypress": "",
  "onresize": "",
  "onshow": "Weather.onshow()",
  "openMode": "none",
  "parentForm": "",
  "position": "absolute",
  "script": null,
  "setFocusID": "",
  "style": "",
  "theme": "",
  "top": "0",
  "width": 320
}