{
  "!type": "Form",
  "HTML": null,
  "attributes": "",
  "background": "",
  "backgroundimage": "",
  "borderColor": "",
  "borderStyle": "",
  "borderWidth": "",
  "cached_js": null,
  "cached_js_script_hash": null,
  "children": [
    {
      "!type": "External",
      "file": [
        "forms",
        "Saved",
        "Elements",
        "imgblackBorder2.json"
      ]
    },
    {
      "!type": "External",
      "file": [
        "forms",
        "Saved",
        "Elements",
        "imgWeather2.json"
      ]
    },
    {
      "!type": "External",
      "file": [
        "forms",
        "Saved",
        "Elements",
        "imgMap2.json"
      ]
    },
    {
      "!type": "External",
      "file": [
        "forms",
        "Saved",
        "Elements",
        "imgListView2.json"
      ]
    },
    {
      "!type": "External",
      "file": [
        "forms",
        "Saved",
        "Elements",
        "lblSaved2.json"
      ]
    },
    {
      "!type": "External",
      "file": [
        "forms",
        "Saved",
        "Elements",
        "imgSaved2.json"
      ]
    },
    {
      "!type": "External",
      "file": [
        "forms",
        "Saved",
        "Elements",
        "lblListView2.json"
      ]
    },
    {
      "!type": "External",
      "file": [
        "forms",
        "Saved",
        "Elements",
        "lblMapView2.json"
      ]
    },
    {
      "!type": "External",
      "file": [
        "forms",
        "Saved",
        "Elements",
        "lblWeather2.json"
      ]
    },
    {
      "!type": "External",
      "file": [
        "forms",
        "Saved",
        "Elements",
        "sldrInterest3.json"
      ]
    },
    {
      "!type": "External",
      "file": [
        "forms",
        "Saved",
        "Elements",
        "sldrInterest11.json"
      ]
    },
    {
      "!type": "External",
      "file": [
        "forms",
        "Saved",
        "Elements",
        "sldrInterest21.json"
      ]
    },
    {
      "!type": "External",
      "file": [
        "forms",
        "Saved",
        "Elements",
        "imgResult3.json"
      ]
    },
    {
      "!type": "External",
      "file": [
        "forms",
        "Saved",
        "Elements",
        "imgResult11.json"
      ]
    },
    {
      "!type": "External",
      "file": [
        "forms",
        "Saved",
        "Elements",
        "imgResult21.json"
      ]
    },
    {
      "!type": "External",
      "file": [
        "forms",
        "Saved",
        "Elements",
        "slctFilters1.json"
      ]
    },
    {
      "!type": "External",
      "file": [
        "forms",
        "Saved",
        "Elements",
        "lblBusName3.json"
      ]
    },
    {
      "!type": "External",
      "file": [
        "forms",
        "Saved",
        "Elements",
        "lblBusName11.json"
      ]
    },
    {
      "!type": "External",
      "file": [
        "forms",
        "Saved",
        "Elements",
        "lblBusName21.json"
      ]
    },
    {
      "!type": "External",
      "file": [
        "forms",
        "Saved",
        "Elements",
        "lblLocation11.json"
      ]
    },
    {
      "!type": "External",
      "file": [
        "forms",
        "Saved",
        "Elements",
        "lblLocation21.json"
      ]
    },
    {
      "!type": "External",
      "file": [
        "forms",
        "Saved",
        "Elements",
        "lblLocation31.json"
      ]
    },
    {
      "!type": "External",
      "file": [
        "forms",
        "Saved",
        "Elements",
        "lblHours3.json"
      ]
    },
    {
      "!type": "External",
      "file": [
        "forms",
        "Saved",
        "Elements",
        "lblHours11.json"
      ]
    },
    {
      "!type": "External",
      "file": [
        "forms",
        "Saved",
        "Elements",
        "lblHours21.json"
      ]
    },
    {
      "!type": "External",
      "file": [
        "forms",
        "Saved",
        "Elements",
        "imgStar3.json"
      ]
    },
    {
      "!type": "External",
      "file": [
        "forms",
        "Saved",
        "Elements",
        "imgStar11.json"
      ]
    },
    {
      "!type": "External",
      "file": [
        "forms",
        "Saved",
        "Elements",
        "imgStar21.json"
      ]
    },
    {
      "!type": "External",
      "file": [
        "forms",
        "Saved",
        "Elements",
        "lblRating3.json"
      ]
    },
    {
      "!type": "External",
      "file": [
        "forms",
        "Saved",
        "Elements",
        "lblRating11.json"
      ]
    },
    {
      "!type": "External",
      "file": [
        "forms",
        "Saved",
        "Elements",
        "lblRating21.json"
      ]
    },
    {
      "!type": "External",
      "file": [
        "forms",
        "Saved",
        "Elements",
        "lblInterestLevel3.json"
      ]
    },
    {
      "!type": "External",
      "file": [
        "forms",
        "Saved",
        "Elements",
        "lblInterestLevel11.json"
      ]
    },
    {
      "!type": "External",
      "file": [
        "forms",
        "Saved",
        "Elements",
        "lblInterestLevel21.json"
      ]
    }
  ],
  "class": "",
  "designHeight": 480,
  "designWidth": 320,
  "expanded_pmp": null,
  "fullScreen": "true",
  "height": 460,
  "id": "Saved",
  "language": "JavaScript",
  "left": "0",
  "locked": false,
  "modal": "false",
  "onhide": "",
  "onkeypress": "",
  "onresize": "",
  "onshow": "ListView.onshow()",
  "openMode": "none",
  "parentForm": "",
  "position": "absolute",
  "script": null,
  "setFocusID": "",
  "style": "",
  "theme": "",
  "top": "0",
  "width": 320
}