{
  "!type": "Image_bs4",
  "backgroundColor": "",
  "bottom": "auto",
  "cached_js": "",
  "cached_js_script_hash": "d41d8cd98f00b204e9800998ecf8427e",
  "center": "",
  "children": [],
  "class": "",
  "color": "",
  "display": "",
  "expanded_pmp": null,
  "fontFamily": "",
  "fontSize": "",
  "fontStyle": "",
  "fontWeight": "",
  "height": 24,
  "hidden": "",
  "id": "imgStar1",
  "left": 80,
  "mAll": "",
  "mBottom": "",
  "mLeft": "",
  "mRight": "",
  "mTop": "",
  "onclick": "",
  "onmousedown": "",
  "onmousemove": "",
  "onmouseout": "",
  "onmouseup": "",
  "onresize": "",
  "ontouchend": "",
  "ontouchmove": "",
  "ontouchstart": "",
  "pAll": "",
  "pBottom": "",
  "pLeft": "",
  "pRight": "",
  "pTop": "",
  "popBody": "Body",
  "popClose": "hover",
  "popPosition": "",
  "popStyle": "popover",
  "popTitle": "Title",
  "responsive": " img-fluid",
  "right": "auto",
  "script": "",
  "shape": "",
  "src": "Images/Star.png",
  "style": "",
  "top": 326,
  "width": 26
}