{
  "!type": "Label_bs4",
  "appearance": "primary",
  "backgroundColor": "black",
  "borderRadius": "0",
  "bottom": "auto",
  "cached_js": "",
  "cached_js_script_hash": "d41d8cd98f00b204e9800998ecf8427e",
  "children": [],
  "class": "",
  "color": "",
  "display": "",
  "expanded_pmp": null,
  "fontFamily": "",
  "fontSize": "45",
  "fontStyle": "",
  "fontWeight": "900",
  "height": 76,
  "hidden": "",
  "id": "lblNewAccount",
  "labelStyle": "text",
  "left": 0,
  "mAll": "",
  "mBottom": "",
  "mLeft": "",
  "mRight": "",
  "mTop": "",
  "onclick": "",
  "onmousedown": "",
  "onmousemove": "",
  "onmouseout": "",
  "onmouseup": "",
  "onresize": "",
  "ontouchend": "",
  "ontouchmove": "",
  "ontouchstart": "",
  "pAll": "",
  "pBottom": "",
  "pLeft": "",
  "pRight": "",
  "pTop": "",
  "right": "auto",
  "script": "",
  "style": "text-align: center; text-valign: center;",
  "top": 0,
  "value": "New Account",
  "width": 324
}